Código DIVIPOLA municipio,Nombre municipio
5001,MEDELLIN
5360,ITAGUI
5615,RIONEGRO
5266,ENVIGADO
5318,GUARNE
5088,BELLO
5321,GUATAPE
5631,SABANETA
5607,RETIRO
5045,APARTADO
5120,CACERES
5284,FRONTINO
5467,MONTEBELLO
5686,SANTA ROSA DE OSOS
5376,LA CEJA
5652,SAN FRANCISCO
5380,LA ESTRELLA
5237,DON MATIAS
5129,CALDAS
5197,COCORNA
5038,ANGOSTURA
5212,COPACABANA
5697,SANTUARIO
5034,ANDES
5313,GRANADA
5756,SONSON
5079,BARBOSA
5148,CARMEN DE VIBORAL
5190,CISNEROS
5361,ITUANGO
5837,TURBO
5440,MARINILLA
5147,CAREPA
5368,JERICO
5890,YOLOMBO
5306,GIRALDO
5030,AMAGA
5172,CHIGORODO
5154,CAUCASIA
5051,ARBOLETES
5887,YARUMAL
5642,SALGAR
5854,VALDIVIA
5790,TARAZA
5659,SAN JUAN DE URABA
5353,HISPANIA
5425,MACEO
5789,TAMESIS
5873,VIGIA DEL FUERTE
5250,EL BAGRE
5495,NECHI
5604,REMEDIOS
5042,SANTA FE DE ANTIOQUIA
5044,ANZA
5234,DABEIBA
5138,CANASGORDAS
5101,BOLIVAR
5308,GIRARDOTA
5113,BURITICA
5480,MUTATA
5125,CAICEDO
5475,MURINDO
5579,PUERTO BERRIO
5490,NECOCLI
5591,PUERTO TRIUNFO
5347,HELICONIA
5240,EBEJICO
5093,BETULIA
5679,SANTA BARBARA
5649,SAN CARLOS
5895,ZARAGOZA
5674,SAN VICENTE
5264,ENTRERRIOS
5861,VENECIA
5107,BRICENO
5761,SOPETRAN
5543,PEQUE
5209,CONCORDIA
5736,SEGOVIA
5670,SAN ROQUE
5856,VALPARAISO
5664,SAN PEDRO
5310,GOMEZ PLATA
5842,URAMITA
5809,TITIRIBI
5206,CONCEPCION
5660,SAN LUIS
5002,ABEJORRAL
5585,PUERTO NARE (LA MAGDALENA )
5667,SAN RAFAEL
5040,ANORI
5400,LA UNION
5690,SANTO DOMINGO
5847,URRAO
5792,TARSO
5142,CARACOLI
5282,FREDONIA
5658,SAN JOSE DE LA MONTANA
5501,OLAYA
5086,BELMIRA
5656,SAN JERONIMO
5819,TOLEDO
5134,CAMPAMENTO
5059,ARMENIA
5411,LIBORINA
5665,SAN PEDRO DE URABA
5031,AMALFI
5004,ABRIAQUI
5541,PENOL
5893,YONDO (CASABE)
5390,LA PINTADA
5628,SABANALARGA
5091,BETANIA
5150,CAROLINA
5055,ARGELIA
5647,SAN ANDRES
5145,CARAMANTA
5315,GUADALUPE
5021,ALEJANDRIA
5364,JARDIN
5036,ANGELOPOLIS
5858,VEGACHI
5885,YALI
5576,PUEBLORRICO
5483,NARINO
