Código ISO del país,Nombre del país
724,ESPAÑA
,
840,ESTADOS UNIDOS DE AMÉRICA
276,ALEMANIA
191,CROACIA
591,PANAMA
218,ECUADOR
826,REINO UNIDO DE GRAN BRETAÑA E IRLANDA DEL NORTE
792,TURQUÍA
76,BRASIL
388,JAMAICA
504,MARRUECOS
484,MÉXICO
591,PANAMÁ
36,AUSTRALIA
604,PERU
214,REPÚBLICA DOMINICANA
530,ANTILLAS NEERLANDESAS
558,NICARAGUA
620,PORTUGAL
152,CHILE
222,EL SALVADOR
630,PUERTO RICO
250,FRANCIA
410,REPÚBLICA DE COREA
124,CANADÁ
188,COSTA RICA
120,CAMERÚN
156,CHINA
604,PERÚ
140,REPÚBLICA CENTROAFRICANA
51,ARMENIA
380,ITALIA
858,URUGUAY
682,ARABIA SAUDÍ
340,HONDURAS
654,SANTA HELENA
862,VENEZUELA
308,GRANADA
360,INDONESIA
670,SAN VICENTE Y LAS GRANADINAS
528,PAÍSES BAJOS
634,QATAR
32,ARGENTINA
212,DOMINICA
752,SUECIA
320,GUATEMALA
600,PARAGUAY
68,BOLIVIA
312,GUADALUPE
56,BÉLGICA
533,ARUBA
192,CUBA
566,NIGERIA
